input,pivot,n,compares,moves,maxDepth,millis,sorted
random,first,1000,10336,13893,22,0.134,1
random,random,1000,11801,18897,22,0.16,1
random,first,2000,23837,37668,25,0.311,1
random,random,2000,25789,42498,25,0.3443,1
random,first,4000,54076,77208,30,0.6853,1
random,random,4000,58735,94746,28,0.7423,1
random,first,8000,120480,180759,29,1.487,1
random,random,8000,118343,185331,32,1.533,1
random,first,16000,251966,364737,33,3.1113,1
random,random,16000,263416,396729,31,3.337,1
sorted,first,1000,499500,0,1000,0.93,1
sorted,random,1000,11672,2898,23,0.0597,1
sorted,first,2000,1999000,0,2000,3.8603,1
sorted,random,2000,25915,6030,27,0.132,1
sorted,first,4000,7998000,0,4000,15.4927,1
sorted,random,4000,51021,12024,27,0.271,1
sorted,first,8000,31996000,0,8000,62.3937,1
sorted,random,8000,115407,23958,30,0.7743,1
sorted,first,16000,127992000,0,16000,263.106,1
sorted,random,16000,255240,47982,31,1.212,1
few-unique,first,1000,66686,4512,143,0.1773,1
few-unique,random,1000,65798,8931,142,0.198,1
few-unique,first,2000,257970,8286,275,0.5833,1
few-unique,random,2000,256638,16494,274,0.623,1
few-unique,first,4000,1011853,16452,523,2.191,1
few-unique,random,4000,1017354,25263,524,2.218,1
few-unique,first,8000,4031062,41316,1046,8.4047,1
few-unique,random,8000,4024148,65670,1044,8.286,1
few-unique,first,16000,16061968,83535,2050,34.668,1
few-unique,random,16000,16050049,113973,2051,35.6083,1
