scope,input,n,algo,millis,compares,moves,extraBytes,maxDepth,sorted,stable
kinds,random,100000,mergeSort,35.1377,1536461,3337856,800008,18,1,1
kinds,random,100000,quickSort,26.6627,2013228,3210306,8,41,1,1
kinds,random,100000,heapSort,37.713,3019269,4724832,8,1,1,1
kinds,sorted,100000,mergeSort,21.4337,853904,3337856,800008,18,1,1
kinds,sorted,100000,quickSort,8.5717,1967664,300366,8,37,1,1
kinds,sorted,100000,heapSort,31.3787,3112517,4952562,8,1,1,1
kinds,reversed,100000,mergeSort,22.6393,815024,3337856,800008,18,1,1
kinds,reversed,100000,quickSort,19.2717,1948244,2341506,8,45,1,1
kinds,reversed,100000,heapSort,30.267,2926640,4492302,8,1,1,1
kinds,few-unique,100000,mergeSort,25.8777,1468546,3337856,800008,18,1,1
kinds,few-unique,100000,quickSort,1247.392,625280503,787008,8,12598,1,0
kinds,few-unique,100000,heapSort,28.0993,2691254,4131927,8,1,1,0
growth,random,1000,mergeSort,0.2068,8701,19952,8008,11,1,1
growth,random,1000,quickSort,0.1698,11801,18897,8,22,1,1
growth,random,1000,heapSort,0.2132,16838,27237,8,1,1,1
growth,random,2000,mergeSort,0.4634,19379,43904,16008,12,1,1
growth,random,2000,quickSort,0.3538,25789,42498,8,25,1,1
growth,random,2000,heapSort,0.469,37761,60546,8,1,1,1
growth,random,4000,mergeSort,0.9834,42752,95808,32008,13,1,1
growth,random,4000,quickSort,0.7832,58735,94746,8,28,1,1
growth,random,4000,heapSort,1.0308,83451,132810,8,1,1,1
growth,random,8000,mergeSort,2.1484,93510,207616,64008,14,1,1
growth,random,8000,quickSort,1.6522,118343,185331,8,32,1,1
growth,random,8000,heapSort,2.282,182815,290073,8,1,1,1
growth,random,16000,mergeSort,4.5834,203155,447232,128008,15,1,1
growth,random,16000,quickSort,3.639,263416,396729,8,31,1,1
growth,random,16000,heapSort,4.876,397831,628017,8,1,1,1
growth,random,32000,mergeSort,9.8264,438464,958464,256008,16,1,1
growth,random,32000,quickSort,7.2012,552668,804867,8,34,1,1
growth,random,32000,heapSort,10.6244,859209,1351365,8,1,1,1
growth,random,64000,mergeSort,20.909,941011,2044928,512008,17,1,1
growth,random,64000,quickSort,15.4888,1236982,1859397,8,39,1,1
growth,random,64000,heapSort,23.2398,1846422,2894775,8,1,1,1
growth,random,128000,mergeSort,44.7184,2010150,4345856,1024008,18,1,1
growth,random,128000,quickSort,33.5612,2572723,3896514,8,44,1,1
growth,random,128000,heapSort,49.2486,3948938,6173058,8,1,1,1
growth,random,256000,mergeSort,95.481,4276322,9203712,2048008,19,1,1
growth,random,256000,quickSort,74.113,5604422,7859961,8,46,1,1
growth,random,256000,heapSort,107.1032,8410233,13115835,8,1,1,1
growth,random,512000,mergeSort,203.5622,9065218,19431424,4096008,20,1,1
growth,random,512000,quickSort,150.4628,11585445,17492415,8,48,1,1
growth,random,512000,heapSort,228.044,17844655,27768135,8,1,1,1
growth,random,1024000,mergeSort,428.7236,19153713,40910848,8192008,21,1,1
growth,random,1024000,quickSort,322.1438,24646259,38685981,8,47,1,1
growth,random,1024000,heapSort,505.1826,37739337,58613373,8,1,1,1
