n,algo,meanCompares,minCompares,maxCompares,theory,errorPercent,perNlgN
1024,mergeSort,8952.5,8925,8968,8945.2,0.082,0.8743
1024,quickSort,11316.8,10377,12115,11297.8,0.168,1.1052
1024,heapSort,17322.6,17282,17360,20480.0,-15.417,1.6917
8192,mergeSort,96174.4,96093,96271,96137.2,0.039,0.9031
8192,quickSort,123088.6,118712,132273,124344.1,-1.01,1.1558
8192,heapSort,187680.7,187528,187823,212992.0,-11.884,1.7623
65536,mergeSort,965655.6,965413,965831,965705.7,-0.005,0.9209
65536,quickSort,1266605.6,1222319,1313283,1267172.1,-0.045,1.2079
65536,heapSort,1894666.8,1894404,1894971,2097152.0,-9.655,1.8069
1048576,mergeSort,19645619.0,19645052,19646339,19645595.6,0.0,0.9368
1048576,quickSort,26176660.2,25483786,27443890,26088934.8,0.336,1.2482
1048576,heapSort,38705568.4,38704705,38706961,41943040.0,-7.719,1.8456
